title,release_date,genres,overview,spoken_languages
Blue Beetle,2023-08-16,"Action, Science Fiction, Adventure","Recent college grad Jaime Reyes returns home full of aspirations for his future, only to find that home is not quite as he left it. As he searches to find his purpose in the world, fate intervenes when Jaime unexpectedly finds himself in possession of an ancient relic of alien biotechnology: the Scarab.","English, Portuguese, Spanish"
Gran Turismo,2023-08-09,"Action, Drama, Adventure",The ultimate wish-fulfillment tale of a teenage Gran Turismo player whose gaming skills won him a series of Nissan competitions to become an actual professional racecar driver.,"English, German, Japanese"
The Nun II,2023-09-06,"Horror, Mystery, Thriller","In 1956 France, a priest is violently murdered, and Sister Irene begins to investigate. She once again comes face-to-face with a powerful evil.","English, French"
Meg 2: The Trench,2023-08-02,"Action, Science Fiction, Horror",An exploratory dive into the deepest depths of the ocean of a daring research team spirals into chaos when a malevolent mining operation threatens their mission and forces them into a high-stakes battle for survival.,English
Retribution,2023-08-23,"Action, Mystery, Thriller, Crime","When a mysterious caller puts a bomb under his car seat, Matt Turner begins a high-speed chase across the city to complete a specific series of tasks. With his kids trapped in the back seat and a bomb that will explode if they get out of the car, a normal commute becomes a twisted game of life or death as Matt follows the stranger's increasingly dangerous instructions in a race against time to save his family.","English, German"
Talk to Me,2023-07-26,"Horror, Thriller","When a group of friends discover how to conjure spirits using an embalmed hand, they become hooked on the new thrill, until one of them goes too far and unleashes terrifying supernatural forces.",English
Fast X,2023-05-17,"Action, Crime, Thriller","Over many missions and against impossible odds, Dom Toretto and his family have outsmarted, out-nerved and outdriven every foe in their path. Now, they confront the most lethal opponent they've ever faced: A terrifying threat emerging from the shadows of the past who's fueled by blood revenge, and who is determined to shatter this family and destroy everything—and everyone—that Dom loves, forever.",English
Sound of Freedom,2023-07-03,"Action, Drama","The story of Tim Ballard, a former US government agent, who quits his job in order to devote his life to rescuing children from global sex traffickers.","English, Spanish"
Barbie,2023-07-19,"Comedy, Adventure, Fantasy","Barbie and Ken are having the time of their lives in the colorful and seemingly perfect world of Barbie Land. However, when they get a chance to go to the real world, they soon discover the joys and perils of living among humans.",English
Elemental,2023-06-14,"Animation, Comedy, Family, Fantasy, Romance","In a city where fire, water, land and air residents live together, a fiery young woman and a go-with-the-flow guy will discover something elemental: how much they have in common.",English
Operation Napoleon,2023-01-26,Thriller,"A modern-day lawyer is sucked into an international conspiracy after being accused of a murder she didn't commit. Her only chance of freedom lies in uncovering the secret of an old German WWII aeroplane, long buried deep beneath the ice, before the CIA.","English, Icelandic"
No One Will Save You,2023-09-22,"Horror, Science Fiction, Thriller",An exiled anxiety-ridden homebody must battle an alien who's found its way into her home.,English
Saw X,2023-09-26,"Crime, Horror, Thriller","Between the events of 'Saw' and 'Saw II', a sick and desperate John Kramer travels to Mexico for a risky and experimental medical procedure in hopes of a miracle cure for his cancer, only to discover the entire operation is a scam to defraud the most vulnerable. Armed with a newfound purpose, the infamous serial killer returns to his work, turning the tables on the con artists in his signature visceral way through devious, deranged, and ingenious traps.","English, Spanish"
Carl's Date,2023-06-15,"Animation, Adventure, Family","Carl Fredricksen reluctantly agrees to go on a date with a lady friend—but admittedly has no idea how dating works these days. Ever the helpful friend, Dug steps in to calm Carl's pre-date jitters and offer some tried-and-true tips for making friends—if you're a dog.",English
The Black Book,2023-09-22,"Mystery, Thriller, Action","After his son is wrongly accused of kidnapping, a deacon who has just lost his wife takes matters into his own hands and fights a crooked police gang to clear him.",English
Let Her Kill You,2023-03-08,"Thriller, Mystery","Alone in the mountains of Switzerland, Anne discovers that her isolated chalet is on surveillance and has been bugged. Caught up by her former life as an intelligence secret agent and an affair with her handler, Anne can only count on herself to get out alive.",French
Kandahar,2023-05-25,"Action, Thriller","After his mission is exposed, an undercover CIA operative stuck deep in hostile territory in Afghanistan must fight his way out, alongside his Afghan translator, to an extraction point in Kandahar, all whilst avoiding elite enemy forces and foreign spies tasked with hunting them down.",English
Transformers: Rise of the Beasts,2023-06-06,"Action, Adventure, Science Fiction","When a new threat capable of destroying the entire planet emerges, Optimus Prime and the Autobots must team up with a powerful faction known as the Maximals. With the fate of humanity hanging in the balance, humans Noah and Elena will do whatever it takes to help the Transformers as they engage in the ultimate battle to save Earth.","Quechua, Spanish, English"
Spy Kids: Armageddon,2023-09-22,"Family, Comedy, Action, Adventure","When the children of the world’s greatest secret agents unwittingly help a powerful game developer unleash a computer virus that gives him control of all technology, they must become spies themselves to save their parents and the world.",English
Indiana Jones and the Dial of Destiny,2023-06-28,"Adventure, Action","Finding himself in a new era, and approaching retirement, Indy wrestles with fitting into a world that seems to have outgrown him. But as the tentacles of an all-too-familiar evil return in the form of an old rival, Indy must don his hat and pick up his whip once more to make sure an ancient and powerful artifact doesn't fall into the wrong hands.",English
Til Death Do Us Part,2023-08-03,"Horror, Thriller, Action","After bailing on her wedding, a former bride-to-be must fight off her ex-groom and seven angry killer groomsmen in order to survive the night.",English
Spider-Man: Across the Spider-Verse,2023-05-31,"Animation, Action, Adventure","After reuniting with Gwen Stacy, Brooklyn’s full-time, friendly neighborhood Spider-Man is catapulted across the Multiverse, where he encounters the Spider Society, a team of Spider-People charged with protecting the Multiverse’s very existence. But when the heroes clash on how to handle a new threat, Miles finds himself pitted against the other Spiders and must set out on his own to save those he loves most.","English, Hindi, Italian, Spanish"
The Creator,2023-09-27,"Science Fiction, Action, Thriller","Amid a future war between the human race and the forces of artificial intelligence, a hardened ex-special forces agent grieving the disappearance of his wife, is recruited to hunt down and kill the Creator, the elusive architect of advanced AI who has developed a mysterious weapon with the power to end the war—and mankind itself.","English, Japanese, Thai, Vietnamese"
Teenage Mutant Ninja Turtles: Mutant Mayhem,2023-07-31,"Animation, Comedy, Action","After years of being sheltered from the human world, the Turtle brothers set out to win the hearts of New Yorkers and be accepted as normal teenagers through heroic acts. Their new friend April O'Neil helps them take on a mysterious crime syndicate, but they soon get in over their heads when an army of mutants is unleashed upon them.","English, Mandarin"
Expend4bles,2023-09-15,"Action, Adventure, Thriller","Armed with every weapon they can get their hands on and the skills to use them, The Expendables are the world’s last line of defense and the team that gets called when all other options are off the table. But new team members with new styles and tactics are going to give “new blood” a whole new meaning.",English
John Wick: Chapter 4,2023-03-22,"Action, Thriller, Crime","With the price on his head ever increasing, John Wick uncovers a path to defeating The High Table. But before he can earn his freedom, Wick must face off against a new enemy with powerful alliances across the globe and forces that turn old friends into foes.","Arabic, Cantonese, English, French, German, Japanese, Latin, Russian, Spanish"
The Flash,2023-06-13,"Action, Adventure, Science Fiction","When his attempt to save his family inadvertently alters the future, Barry Allen becomes trapped in a reality in which General Zod has returned and there are no Super Heroes to turn to. In order to save the world that he is in and return to the future that he knows, Barry's only hope is to race for his life. But will making the ultimate sacrifice be enough to reset the universe?","English, Spanish, Russian"
After Everything,2023-09-13,"Romance, Drama","Besieged by writer’s block and the crushing breakup with Tessa, Hardin travels to Portugal in search of a woman he wronged in the past – and to find himself. Hoping to win back Tessa, he realizes he needs to change his ways before he can make the ultimate commitment.","English, Portuguese"
Oppenheimer,2023-07-19,"Drama, History",The story of J. Robert Oppenheimer’s role in the development of the atomic bomb during World War II.,"Dutch, English"
Freestyle,2023-09-13,"Crime, Action, Thriller","Trying to check out a recording from his debut album, a street rapper and his friend run into trouble when a major drug deal turns into a total disaster for them.",Polish
Strays,2023-08-17,"Comedy, Adventure","When Reggie is abandoned on the mean city streets by his lowlife owner, Doug, Reggie is certain that his beloved owner would never leave him on purpose. But once Reggie falls in with Bug, a fast-talking, foul-mouthed stray who loves his freedom and believes that owners are for suckers, Reggie finally realizes he was in a toxic relationship and begins to see Doug for the heartless sleazeball that he is.",English
"Scooby-Doo! And Krypto, Too!",2023-09-26,"Animation, Family, Mystery, Fantasy, Comedy","When the Justice League goes missing and villains overrun Metropolis, there's only one team that can solve this mystery: Scooby-Doo and the gang! But wait, there's a new dog in town – Krypto – Superman's Superdog with Super Powers. Mystery Inc. will need all the help it can get when phantoms menace the Justice League's headquarters.",English
The Super Mario Bros. Movie,2023-04-05,"Animation, Family, Adventure, Fantasy, Comedy","While working underground to fix a water main, Brooklyn plumbers—and brothers—Mario and Luigi are transported down a mysterious pipe and wander into a magical new world. But when the brothers are separated, Mario embarks on an epic quest to find Luigi.",English
Mission: Impossible - Dead Reckoning Part One,2023-07-08,"Action, Thriller","Ethan Hunt and his IMF team embark on their most dangerous mission yet: To track down a terrifying new weapon that threatens all of humanity before it falls into the wrong hands. With control of the future and the world's fate at stake and dark forces from Ethan's past closing in, a deadly race around the globe begins. Confronted by a mysterious, all-powerful enemy, Ethan must consider that nothing can matter more than his mission—not even the lives of those he cares about most.","French, English, Italian, Russian"
My Fault,2023-06-08,"Drama, Romance","Noah must leave her city, boyfriend, and friends to move into William Leister's mansion, the flashy and wealthy husband of her mother Rafaela. As a proud and independent 17 year old, Noah resists living in a mansion surrounded by luxury. However, it is there where she meets Nick, her new stepbrother, and the clash of their strong personalities becomes evident from the very beginning.",Spanish
The Equalizer 3,2023-08-30,"Action, Thriller, Crime","Robert McCall finds himself at home in Southern Italy but he discovers his friends are under the control of local crime bosses. As events turn deadly, McCall knows what he has to do: become his friends' protector by taking on the mafia.","English, Italian"
The Little Mermaid,2023-05-18,"Adventure, Family, Fantasy, Romance","The youngest of King Triton’s daughters, and the most defiant, Ariel longs to find out more about the world beyond the sea, and while visiting the surface, falls for the dashing Prince Eric. With mermaids forbidden to interact with humans, Ariel makes a deal with the evil sea witch, Ursula, which gives her a chance to experience life on land, but ultimately places her life – and her father’s crown – in jeopardy.",English
Adipurush,2023-06-16,"Action, Adventure, Drama, Fantasy","7000 years ago, Ayodhya's Prince Raghava and Prince Sesh along with the Mighty Vanar Warriors travels to the island of Lanka with an aim to rescue Raghava's wife Janaki, who has been abducted by Lankesh, the king of Lanka.",Hindi
Bunker,2023-09-14,"Horror, Thriller, War","Trapped in a bunker during World War I, a group of soldiers are faced with an ungodly presence that slowly turns them against each other.",English
Heart of Stone,2023-08-09,"Thriller, Action",An intelligence operative for a shadowy global peacekeeping agency races to stop a hacker from stealing its most valuable — and dangerous — weapon.,English
Deep Sea Python,2023-02-02,"Thriller, Horror",,Mandarin
Darkland: The Return,2023-04-13,"Action, Thriller","Seven years ago, Zaid went to war against the Copenhagen underworld to avenge his dead brother. His identity as a respected doctor of cardiology and life as a family man is but a fading dream, and in prison Zaid suffers the loss of his son Noah, whom he barely knows. When a police agent approaches Zaid and offers him a deal to be released in exchange for infiltrating the Copenhagen underworld, he sees his chance to reclaim the remnants of the family life he left behind. But everything has a price, and Zaid realizes that he has now seriously endangered his son's life. After all, once you become part of the underworld, is there any way out?","Danish, Arabic"
Viking: Bloodlust,2023-04-21,"Action, History",A band of vikings are on the run from a blood thirsty group of Berserkers who want to fight to the death.,English
"Ruby Gillman, Teenage Kraken",2023-06-28,"Animation, Family, Fantasy, Comedy","Ruby Gillman, a sweet and awkward high school student, discovers she's a direct descendant of the warrior kraken queens. The kraken are sworn to protect the oceans of the world against the vain, power-hungry mermaids. Destined to inherit the throne from her commanding grandmother, Ruby must use her newfound powers to protect those she loves most.",English
Guardians of the Galaxy Vol. 3,2023-05-03,"Science Fiction, Adventure, Action","Peter Quill, still reeling from the loss of Gamora, must rally his team around him to defend the universe along with protecting one of their own. A mission that, if not completed successfully, could quite possibly lead to the end of the Guardians as we know them.",English
Sniper: G.R.I.T. - Global Response & Intelligence Team,2023-09-26,"Action, Thriller","When an international terrorist cult threatens global political stability and kidnaps a fellow agent, Ace Sniper Brandon Beckett and the newly-formed Global Response & Intelligence Team – or G.R.I.T. – led by Colonel Stone must travel across the world to Malta, infiltrate the cult, and take out its leader to free Lady Death and stop the global threat.",English
Sakra,2023-01-16,"Action, Drama","Qiao Feng is the respected leader of a roving band of martial artists. After he is wrongfully accused of murder and subsequently exiled, Qiao Feng goes on the run in search of answers about his own mysterious origin story—and the unknown enemies working to destroy him from the shadows.","Cantonese, Mandarin"
A Million Miles Away,2023-09-08,"Drama, History","The life of engineer and former NASA astronaut José M. Hernández, the first migrant farmworker to go to space.",English
The Flood,2023-07-14,"Action, Mystery, Thriller, Horror",A horde of giant hungry alligators is unleashed on a group of in-transit prisoners and their guards after a massive hurricane floods Louisiana.,English
The Last Voyage of the Demeter,2023-08-09,"Thriller, Horror",The crew of the merchant ship Demeter attempts to survive the ocean voyage from Carpathia to London as they are stalked each night by a merciless presence onboard the ship.,"English, Russian"
Amigos,2023-02-10,"Action, Thriller","Siddharth, a youngman who runs a family business is astonished to find his doppelgängers Manjunath and Michael on getdopple.com. After meeting up in Goa, they come down to Hyderabad to help Siddarth win over Ishika, a girl looking for superman to be her husband. But things take a drastic turn when NIA swings into action to nab Michael, aka Bipin Roy.",Telugu
Insidious: The Red Door,2023-07-05,"Horror, Mystery, Thriller","To put their demons to rest once and for all, Josh Lambert and a college-aged Dalton Lambert must go deeper into The Further than ever before, facing their family's dark past and a host of new and more horrifying terrors that lurk behind the red door.",English
Epic Tails,2023-01-25,"Animation, Adventure, Fantasy, Family","An adventurous mouse sets off to battle dangerous creatures in Ancient Greece, including Poseidon.","Danish, Finnish, French, Norwegian, Swedish"
No Hard Feelings,2023-06-15,"Comedy, Romance","On the brink of losing her childhood home, Maddie discovers an intriguing job listing: wealthy helicopter parents looking for someone to “date” their introverted 19-year-old son, Percy, before he leaves for college. To her surprise, Maddie soon discovers the awkward Percy is no sure thing.",English
My Big Fat Greek Wedding 3,2023-09-07,"Romance, Comedy","Following the death of their patriarch Gus, the Portokalos family travels to Greece for a family reunion, and to deliver Gus' journal to his old friends.","English, Greek"
Me Vuelves Loca,2023-09-07,Comedy,"Carolina has a perfect life: she lives in a luxurious house, works in a fashion magazine and is married to a successful publicist. One day everything goes to waste: she discovers that she is sterile, the same day that her husband leaves her for her best friend, who, in addition, is pregnant with him. After the impact of this news, Carolina has a crisis, drinks too much, trips and falls from the second floor of her house, a fact that is interpreted as a suicide attempt.Carolina is interned against her will, in the exclusive psychiatric center Eden. In that place she will meet a group of ""madmen"" who will help her heal and glimpse that her previous life was not so perfect. He also discovers that perhaps the craziest are those outside the psychiatric hospital.",Spanish
Sons of Summer,2023-07-28,"Action, Mystery, Thriller","To mark the anniversary of his father's death, Sean takes his friends on a road trip to his surfer dad's favorite beach. But Sean's drug-dealing friend forces him to do one last favor – steal a heroin shipment from a local mobster.",English
Resident Evil: Death Island,2023-06-22,"Animation, Action, Horror","In San Francisco, Jill Valentine is dealing with a zombie outbreak and a new T-Virus, Leon Kennedy is on the trail of a kidnapped DARPA scientist, and Claire Redfield is investigating a monstrous fish that is killing whales in the bay. Joined by Chris Redfield and Rebecca Chambers, they discover the trail of clues from their separate cases all converge on the same location, Alcatraz Island, where a new evil has taken residence and awaits their arrival.",English
Murder City,2023-06-29,"Crime, Thriller, Action",A disgraced former cop finds himself working for a ruthless female kingpin to pay off his estranged father’s debt and protect his family.,English
Spirit of Fear,2023-07-31,Horror,"Trying to regain his memory, a man must evade a demonic presence while following the clues left for him to discover his past.",English
PAW Patrol: The Mighty Movie,2023-09-21,"Animation, Family, Comedy, Action, Science Fiction","A magical meteor crash-lands in Adventure City, gives the PAW Patrol pups superpowers, and transforms them into The Mighty Pups. When the PAW Patrol's archrival Humdinger breaks out of jail and teams up with a mad scientist to steal the powers for themselves, the Mighty Pups must save Adventure City and stop the supervillains before it's too late.",English
Creation of the Gods I: Kingdom of Storms,2023-07-20,"Action, Fantasy, War","Based on the most well-known classical fantasy novel of China, Fengshenyanyi, the trilogy is a magnificent eastern high fantasy epic that recreates the prolonged mythical wars between humans, immortals and monsters, which happened more than three thousand years ago.",Mandarin
I Am Rage,2023-09-14,"Action, Thriller, Horror","An ancient cult embroiled in a sinister blood trade makes the deadly mistake of abducting a young woman with a violent, shocking past.",English
The White Storm 3: Heaven or Hell,2023-07-06,"Action, Drama, Crime","Hong Kong police agent Cheung (by Aaron Kwok) works undercover in Kang’s (by Sean Lau) drug cartel, while another undercover cop Au (by Louis Koo) successfully earns their trust in an incident, a brotherly-bond is built among the three. After the Police busts the syndicate in Hong Kong, Kang subsequently hides away in the Golden Triangle, by chance he receives a tip-off about the betrayal within his circle of trust…",Cantonese
Mob Land,2023-08-04,"Action, Crime, Thriller","A sheriff tries to keep the peace when a desperate family man violently robs a pill mill with his brother-in-law, alerting an enforcer for the New Orleans mafia.",English
The Seven Deadly Sins: Grudge of Edinburgh Part 2,2023-08-08,"Action, Adventure, Fantasy, Animation","Reunited with Lancelot for the first time since their tragic accident, Tristan must learn to conquer his inner demons in order to save his mother's life.",Japanese
Piglady,2023-08-22,"Horror, Crime","Inspired by true events. Filmed at the murder scene. A group of friends, while on a Christmas vacation to a cabin in Southern Oregon, learn of a rumor of an antisocial woman who allegedly murders people and feeds her victims to pigs.",English
Scream VI,2023-03-08,"Horror, Crime, Thriller","Following the latest Ghostface killings, the four survivors leave Woodsboro behind and start a fresh chapter.",English
Warhorse One,2023-06-30,"Action, Drama, War",A gunned down Navy SEAL Master Chief must guide a child to safety through a gauntlet of hostile Taliban insurgents and survive the brutal Afghanistan wilderness.,English
Sympathy for the Devil,2023-07-20,"Action, Thriller","After being forced to drive a mysterious passenger at gunpoint, a man finds himself in a high-stakes game of cat and mouse where it becomes clear that not everything is as it seems.",English
"Miraculous: Ladybug & Cat Noir, The Movie",2023-07-05,"Animation, Music, Family, Action, Romance, Fantasy, Comedy","A life of an ordinary Parisian teenager Marinette goes superhuman when she becomes Ladybug. Bestowed with magical powers of creation, Ladybug must unite with her opposite, Cat Noir, to save Paris as a new villain unleashes chaos unto the city.",French
Cobweb,2023-07-19,Horror,"Eight year old Peter is plagued by a mysterious, constant tapping from inside his bedroom wall—one that his parents insist is all in his imagination. As Peter's fear intensifies, he believes that his parents could be hiding a terrible, dangerous secret and questions their trustworthiness.",English
Mavka: The Forest Song,2023-03-02,"Animation, Adventure, Family, Fantasy","Mavka — a Soul of the Forest and its Warden — faces an impossible choice between love and her duty as guardian to the Heart of the Forest, when she falls in love with a human — the talented young musician Lukas.",Ukrainian
Jagun Jagun,2023-08-10,"Action, Drama","A young man determined to become a powerful warrior joins an elite army, encountering the wrath of a maniacal warlord and the love of a fierce woman.",Yoruba
Sasaki and Miyano: Graduation,2023-02-17,"Animation, Romance","Miyano’s world of Boys’ Love manga turns to reality when chance leads him to Sasaki. Now, Sasaki wants to spend every opportunity with him.",Japanese
BJJ: Woman on Top,2023-09-29,Romance,"Elise learns the martial art and combat sport Brazilian Jiu Jitsu to learn to defend herself, but she soon realizes that BJJ moves can also be used in passionate lovemaking.",Tagalog
Detective Conan: Black Iron Submarine,2023-04-14,"Animation, Action, Crime, Mystery",The 26th movie entry in the “Detective Conan” franchise.,Japanese
Goatman,2023-04-17,Horror,A series of grisly murders point to the terrifying cryptid.,English
The Sexologist,2023-01-05,Comedy,"A sexologist (Flavia Dos Santos) dedicates herself to meticulously investigating every detail of the sexual lives of 3 couples and tries to save their marriages without affecting their love lives. This fun and unorthodox methodology will take each of its patients on a journey where the smell, accents, role-playing and other events will force them to leave their comfort zone with the sole purpose of saving their relationships. .",Spanish
The Pope's Exorcist,2023-04-05,"Horror, Thriller","Father Gabriele Amorth, Chief Exorcist of the Vatican, investigates a young boy's terrifying possession and ends up uncovering a centuries-old conspiracy the Vatican has desperately tried to keep hidden.","English, Fulah, Spanish, Latin, German, Italian"
El Conde,2023-09-08,"Comedy, Horror, Fantasy","After living for over two centuries, Augusto Pinochet is a vampire ready to die… but the vultures around him won't let him go without one last bite.","English, French, Spanish"
Knights of the Zodiac,2023-04-27,"Fantasy, Action, Adventure","When a headstrong street orphan, Seiya, in search of his abducted sister unwittingly taps into hidden powers, he discovers he might be the only person alive who can protect a reincarnated goddess, sent to watch over humanity. Can he let his past go and embrace his destiny to become a Knight of the Zodiac?",English
The Wonderful Story of Henry Sugar,2023-09-20,"Fantasy, Comedy, Adventure",A rich man learns about a guru who can see without using his eyes. He sets out to master the skill in order to cheat at gambling.,English
SpongeBob SquarePants Presents The Tidal Zone,2023-01-13,"Animation, Comedy, Adventure",GrandPat travels through alternate dimensions and timelines to get home.,"French, English"
Guy Ritchie's The Covenant,2023-04-19,"War, Action, Thriller","During the war in Afghanistan, a local interpreter risks his own life to carry an injured sergeant across miles of grueling terrain.","Arabic, English"
Evil Dead Rise,2023-04-12,"Thriller, Horror","A reunion between two estranged sisters gets cut short by the rise of flesh-possessing demons, thrusting them into a primal battle for survival as they face the most nightmarish version of family imaginable.",English
The Squad: Home Run,2023-08-25,"Action, Drama","Former Antigang legend Niels Cartier, known for his muscular and unconventional methods, left the force following an intervention that went wrong and led to the death of his wife. When the gang of bank robbers responsible for her death reappears eight years later, Niels won't let anyone stand in his way to seek revenge. Even if it means forming an explosive duo with his temperamental 14-year-old daughter.",French
Mojave Diamonds,2023-08-24,"Action, Crime, Thriller",A former MMA fighter and his brothers must rescue their kidnapped family from a dangerous crime syndicate after $50M of illegal diamonds gets stolen.,English
Justice League: Warworld,2023-07-25,"Animation, Action, Science Fiction, Adventure","Until now, the Justice League has been a loose association of superpowered individuals. But when they are swept away to Warworld, a place of unending brutal gladiatorial combat, Batman, Superman, Wonder Woman and the others must somehow unite to form an unbeatable resistance able to lead an entire planet to freedom.",English
The Mistress,2023-07-28,"Horror, Thriller","Newlyweds Parker and Madeline move into their dream home. As they settle in, they discover a box of old love letters written to the original owner. And as the couple digs into the increasingly obsessive correspondence, a mysterious woman arrives with a horrifying secret that threatens their lives.",English
Sorcery,2023-01-21,"Horror, Mystery, Adventure","Chiloé Island, 1880. Rosa Raín is a Huilliche girl who, after the murder of her father at the hands of German settlers, seeks justice with Mateo, leader of an organization of sorcerers called “La Recta Provincia”.",Spanish
The Boogeyman,2023-05-31,"Horror, Thriller, Mystery","Still reeling from the tragic death of their mother, a teenage girl and her younger sister find themselves plagued by a sadistic presence in their house and struggle to get their grieving father to pay attention before it’s too late.",English
Soulcatcher,2023-08-02,"Action, Adventure, Thriller",A military contractor hired to seize a weapon that turns people into savage killers seeks revenge when his brother falls victim to the device.,Polish
Extraction 2,2023-06-09,"Action, Thriller","Tasked with extracting a family who is at the mercy of a Georgian gangster, Tyler Rake infiltrates one of the world's deadliest prisons in order to save them. But when the extraction gets hot, and the gangster dies in the heat of battle, his equally ruthless brother tracks down Rake and his team to Vienna, in order to get revenge.","English, Bengali, French, German, Georgian"
Jeanne du Barry,2023-05-16,"Drama, History, Romance","The life of Jeanne Bécu, who was born as the illegitimate daughter of an impoverished seamstress in 1743 and went on to rise through the Court of Louis XV to become his last official mistress.",French
The Tutor,2023-03-24,"Mystery, Thriller, Action","When a professional tutor takes a job at a remote manor, he soon finds himself battling his disturbed student’s obsessions, which threaten to expose his darkest secrets and unravel his carefully crafted persona.",English
Ant-Man and the Wasp: Quantumania,2023-02-15,"Action, Adventure, Science Fiction","Super-Hero partners Scott Lang and Hope van Dyne, along with with Hope's parents Janet van Dyne and Hank Pym, and Scott's daughter Cassie Lang, find themselves exploring the Quantum Realm, interacting with strange new creatures and embarking on an adventure that will push them beyond the limits of what they thought possible.",English
Heroic,2023-09-21,"Drama, Thriller","Luis, an 18-year-old boy with Indigenous roots, enters the Heroic Military College in hopes of ensuring a better future. There, he encounters a rigid and institutionally violent system designed to turn him into a perfect soldier.",Spanish
Kingdom 3: The Flame of Fate,2023-07-28,"Action, Adventure, War","It follows Li Xin and Wang Qi as they stand on the battlefield for the first time to fight off an invasion by Zhao, and it also follows Ying Zheng's unknown past.",Japanese
Hidden Strike,2023-07-06,"Action, Adventure, Thriller, Comedy",Two elite soldiers must escort civilians through a gauntlet of gunfire and explosions.,"Mandarin, Spanish, English, Portuguese"
Creed III,2023-03-01,"Drama, Action","After dominating the boxing world, Adonis Creed has thrived in his career and family life. When a childhood friend and former boxing prodigy, Damian Anderson, resurfaces after serving a long sentence in prison, he is eager to prove that he deserves his shot in the ring. The face-off between former friends is more than just a fight. To settle the score, Adonis must put his future on the line to battle Damian — a fighter with nothing to lose.","English, Spanish"
Home for Rent,2023-04-06,"Horror, Thriller, Mystery","A film inspired by terrifying true events. When the tenants are members of a dark cult, they terrorize the homeowner, looking for their next prey to sacrifice.",Thai
The Exorcist: Believer,2023-10-04,Horror,"Since the death of his wife 12 years ago, Victor Fielding has raised their daughter, Angela on his own. But when Angela and her friend Katherine disappear in the woods, only to return three days later with no memory of what happened to them, it unleashes a chain of events that will force Victor to confront the nadir of evil and, in his terror and desperation, seek out the only person alive who has witnessed anything like it before: Chris MacNeil.","English, Portuguese"
War of the Worlds: The Attack,2023-04-21,"Science Fiction, Mystery, Thriller",Three young astronomers fight to survive a deadly Martian invasion.,English
Sisu,2023-01-27,"Action, War","Deep in the wilderness of Lapland, Aatami Korpi is searching for gold but after he stumbles upon Nazi patrol, a breathtaking and gold-hungry chase through the destroyed and mined Lapland wilderness begins.","English, Finnish"
Shin Kamen Rider,2023-03-17,"Action, Drama, Science Fiction","A man forced to bear power and stripped of humanity. A woman skeptical of happiness. Takeshi Hongo, an Augmentation made by SHOCKER, and Ruriko Midorikawa, a rebel of the organization, escape while fighting off assassins. What’s justice? What’s evil? Will this violence end? Despite his power, Hongo tries to remain human. Along with freedom, Ruriko has regained a heart. What paths will they choose?",Japanese
Killer Book Club,2023-08-25,"Horror, Thriller","Eight horror-loving friends fight for their lives when a killer clown who seems to know the grim secret they share begins to pick them off, one by one.","Latin, Spanish"
The Swan,2023-09-28,Comedy,"Two large, ignorant bullies ruthlessly pursue a small, brilliant boy in this young adult Roald Dahl short story.",English
El hombre del saco,2023-08-11,"Horror, Adventure","Explores the Spanish origins of the character's story, where he is a tuberculosis patient from Almeria who will do anything to get well, even consuming the blood of the kids he kidnaps in a sack.",Spanish
La Leyenda de los Chaneques,2023-07-14,"Animation, Comedy, Family, Horror","Five years after giving up his powers and separating from his friends, Leo San Juan has started a new life trying to focus on his family and their bakery, staying away from danger and adventures. However, Leo knows that his plans are rarely fulfilled and this time is no exception: while traveling with Nando to Veracruz, things start to get weird, and from the depths of the Tuxtlas jungle, an ancient curse has returned and only Leo can face it.",Spanish
Babylon 5: The Road Home,2023-08-15,"Animation, Science Fiction, Action, Adventure","Travel across the galaxy with John Sheridan as he unexpectedly finds himself transported through multiple timelines and alternate realities in a quest to find his way back home. Along the way he reunites with some familiar faces, while discovering cosmic new revelations about the history, purpose, and meaning of the Universe.",English
Zom 100: Bucket List of the Dead,2023-08-03,"Comedy, Horror, Action","Bullied by his boss, worked around the clock, he's nothing more than a corporate drone. All it takes is a zombie outbreak for him to finally feel alive!",Japanese
97 Minutes,2023-06-09,"Thriller, Action","A hijacked 767 will crash in just 97 minutes when its fuel runs out. Against the strong will of NSA Deputy Toyin, NSA Director Hawkins prepares to have the plane shot down before it does any catastrophic damage on the ground, leaving the fate of the innocent passengers in the hands of Tyler, one of the alleged hijackers on board who is an undercover Interpol agent - or is he?",English
Hypnotic,2023-05-11,"Mystery, Thriller, Science Fiction",A detective becomes entangled in a mystery involving his missing daughter and a secret government program while investigating a string of reality-bending crimes.,English
Alien Invasion,2023-05-11,"Science Fiction, Horror","A group of friends find a large egg, but little do they know it contains an unwelcome predator. Now they must stop it from reaching civilization.",English
Reptile,2023-09-29,"Thriller, Crime, Drama, Mystery","Following the brutal murder of a young real estate agent, a hardened detective attempts to uncover the truth in a case where nothing is as it seems, and by doing so dismantles the illusions in his own life.",English
A Haunting in Venice,2023-09-13,"Mystery, Thriller, Crime","Celebrated sleuth Hercule Poirot, now retired and living in self-imposed exile in Venice, reluctantly attends a Halloween séance at a decaying, haunted palazzo. When one of the guests is murdered, the detective is thrust into a sinister world of shadows and secrets.","English, Italian"
Street Flow 2,2023-09-27,Drama,"Struggling to overcome cycles of betrayal, revenge and violence, the Traoré brothers continue to fight for a brighter future in a seedy Paris suburb.",French
The Retirement Plan,2023-08-24,"Comedy, Action","When Ashley and her young daughter Sarah get caught up in a criminal enterprise that puts their lives at risk, she turns to the only person who can help: her estranged father Matt, currently living the life of a retired beach bum in the Cayman Islands. Their reunion is fleeting as they are soon tracked down on the island by crime boss Donnie and his lieutenant Bobo. As Ashley, Sarah, and Matt become entangled in an increasingly dangerous web, Ashley quickly learns her father had a secret past that she knew nothing about and that there is more to her father than meets the eye.",English
River Wild,2023-08-01,"Mystery, Thriller, Adventure",Follows a pair of siblings who love but distrust each other as they embark on a white-water rafting trip with a small group. One of their friends from childhood turns out to be more dangerous than he appears.,English
Love Is in the Air,2023-09-28,"Romance, Comedy, Drama",A fiercely independent pilot fighting to keep her family business afloat starts to fall for the man sent by corporate to ground her operation forever.,English
Shazam! Fury of the Gods,2023-03-15,"Comedy, Action, Fantasy","Billy Batson and his foster siblings, who transform into superheroes by saying ""Shazam!"", are forced to get back into action and fight the Daughters of Atlas, who they must stop from using a weapon that could destroy the world.",
Forgotten Love,2023-09-27,"Drama, Romance",A once-respected surgeon who's lost his family and his memory gets a chance at redemption when he reconnects with someone from his forgotten past.,Polish
Nowhere,2023-09-29,"Thriller, Drama","A young pregnant woman named Mia escapes from a country at war by hiding in a maritime container aboard a cargo ship. After a violent storm, Mia gives birth to the child while lost at sea, where she must fight to survive.",Spanish
Perpetrator,2023-09-14,Horror,"Jonny Baptiste is a reckless teen sent to live with her estranged Aunt Hildie. On the event of her eighteenth birthday, she experiences a radical metamorphosis: a family spell that redefines her called Forevering. When several teen girls go missing at her new school, a mythically feral Jonny goes after the Perpetrator.",English
My First Barbie: Happy DreamDay,2023-02-13,"Family, Animation","Sing along with Barbie, Barbie, Teresa, and Renee in this musical adventure as they plan the biggest surprise birthday party ever for Barbie’s sister, Chelsea.",
The Mount 2,2023-05-12,Horror,"A year after the incident at the Mount, the police are still investigating the murders of Philomena and Caroline. The Mount has been cordoned off by the police. However, on Halloween night, a group of teenagers break in. They plan on holding a wedding between friends, conducted by a rather odd character, however, little did they know some unexpected guests would show up to crash the party.",English
The Monkey King,2023-08-11,"Animation, Fantasy, Adventure, Family, Comedy","A stick-wielding monkey teams with a young girl on an epic quest for immortality, battling demons, dragons, gods — and his own ego — along the way.","Mandarin, English"
Fist of the Condor,2023-04-04,Action,"Upon the empire’s fall to invading conquistadors, the 16th-century Incas quickly concealed a sacred manual containing the secrets behind their deadly fighting technique. But after centuries of careful safeguarding, the manual is again at risk of falling into the wrong hands, leaving its rightful guardian to battle the world’s greatest assassins to protect the ancient secrets within.",Spanish
Dungeons & Dragons: Honor Among Thieves,2023-03-23,"Adventure, Fantasy, Comedy","A charming thief and a band of unlikely adventurers undertake an epic heist to retrieve a lost relic, but things go dangerously awry when they run afoul of the wrong people.",English
Ghosted,2023-04-18,"Action, Comedy, Romance","Salt-of-the-earth Cole falls head over heels for enigmatic Sadie — but then makes the shocking discovery that she’s a secret agent. Before they can decide on a second date, Cole and Sadie are swept away on an international adventure to save the world.","English, Urdu"
Muzzle,2023-09-29,"Action, Crime, Drama, Thriller","LAPD K-9 officer Jake Rosser has just witnessed the shocking murder of his dedicated partner by a mysterious assailant. As he investigates the shooter’s identity, he uncovers a vast conspiracy that has a chokehold on the city in this thrilling journey through the tangled streets of Los Angeles and the corrupt bureaucracy of the LAPD.",English
Medusa's Venom,2023-02-14,Horror,"The beast is back and her venom is deadlier than ever. When newcomer Lola is welcomed into Medusa's circle, she endures a ritual to bring her closer to her new sisters.",English
Five Nights at Freddy's,2023-10-25,"Horror, Thriller","Recently fired and desperate for work, a troubled young man named Mike agrees to take a position as a night security guard at an abandoned theme restaurant: Freddy Fazbear's Pizzeria. But he soon discovers that nothing at Freddy's is what it seems.",English
Love at First Sight,2023-09-15,"Romance, Drama","Hadley and Oliver begin falling in love on a flight from New York to London, but when they lose each other at customs, can they defy all odds to reunite?",English
Black Clover: Sword of the Wizard King,2023-06-16,"Animation, Fantasy, Action, Adventure","As a lionhearted boy who can’t wield magic strives for the title of Wizard King, four banished Wizard Kings of yore return to crush the Clover Kingdom.",Japanese
Fear the Night,2023-07-21,"Action, Thriller","During a bachelorette party in a secluded California farmhouse, masked intruders launch a brutal attack, forcing eight women to fight for survival. Led by Tess, a troubled military veteran, they unite to defend themselves throughout a harrowing night.",English
How to Deal with a Heartbreak,2023-07-06,Comedy,"María Fe, still single but not so sought after, faces the existential crisis and the blank page as any mature and sensible woman would: by getting involved with the wrong guy.",Spanish
Rotting in the Sun,2023-09-08,Comedy,"A filmmaker facing an existential crisis goes on a vacation to a Mexican gay nudist beach, where he meets a social media celebrity who convinces him to collaborate with him on his new TV show.","English, Spanish"
"Ice Cold: Murder, Coffee and Jessica Wongso",2023-09-28,"Documentary, Crime","This documentary delves into the unanswered questions surrounding the trial of Jessica Wongso — years after the death of her best friend, Mirna Salihin.","English, Indonesian"
The Rat Catcher,2023-09-29,Comedy,"In an English village, a reporter and a mechanic listen to a ratcatcher explain his clever plan to outwit his prey.",English
The Darkness Within La Luz del Mundo,2023-09-28,"Documentary, Crime","For the first time, complainants against La Luz del Mundo megachurch leaders expose the abuses they suffered through exclusive interviews.","English, Spanish"
The Black Demon,2023-04-26,"Horror, Thriller","Oilman Paul Sturges' idyllic family vacation turns into a nightmare when they encounter a ferocious megalodon shark that will stop at nothing to protect its territory. Stranded and under constant attack, Paul and his family must somehow find a way to get his family back to shore alive before it strikes again in this epic battle between humans and nature.","Spanish, English"
The Wonderful World of Mickey Mouse: Steamboat Silly,2023-07-28,Animation,Mickey Mouse and his friends must stop hundreds of old film reel versions of Mickey from wreaking havoc all over town.,English
Overhaul,2023-09-27,"Action, Thriller, Drama","When truck racer Roger loses everything, he receives a tempting but dangerous offer: to work as the getaway driver for a gang of thieves.",Portuguese
Concrete Utopia,2023-08-09,"Thriller, Science Fiction, Drama","The world has been reduced to rubble by a massive earthquake. While no one knows for sure how far the ruins stretch, or what the cause of the earthquake may be, in the heart of Seoul there is only one apartment building left standing. It is called Hwang Gung Apartments.",Korean
Elvis the Pig,2023-02-09,"Family, Drama","A young girl learns she may have to sell her beloved pet pig, Elvis, to a local farmer to save the family farm. Unbeknownst to her, the pig is in real danger, the farmer is planning a pig roast and not a forever home. After getting wind of the plan, the whole family bands together to save Elvis, uniting to reclaim their farm and prove that love is worth more than money.",English
The Wrath of Becky,2023-05-26,"Action, Horror, Thriller","Two years after she escaped a violent attack on her family, 16-year-old Becky attempts to rebuild her life in the care of an older woman -- a kindred spirit named Elena. However, when a violent group known as the Noble Men break into their home, attack them and take their beloved dog, Becky must return to her old ways to protect herself and her loved ones.",English
Breaking Point,2023-10-05,Drama,"Two adopted brothers filled with resentment for each other after the loss of their mother, united in their love of breakdancing, find themselves thrust together as they embark on a journey for the Gold. ​",English
Sentinelle,2023-08-27,"Action, Comedy, Crime","François Sentinelle has two lives. By day, he is the most famous cop of Réunion Island, known for his tough methods and flowery shirts, pursuing criminals in his famous yellow defender. But the rest of the time, Sentinelle is also a charming singer.","French, German"
Once Upon a Crime,2023-09-13,"Adventure, Fantasy, Comedy","While at the royal ball with Cinderella, Little Red Riding Hood finds herself in the middle of a mystery. Can she solve the case before midnight strikes?",Japanese
Confidential Informant,2023-06-27,"Mystery, Thriller, Action","During a crack epidemic two narcotics agents hunting for a cop killer. Hoping for leads, Moran and Thorton pay off a junkie informant. To provide for his wife and son, Moran involves the stool pigeon in a deadly scheme. This causes the partners to come under the scrutiny of a suspicious internal affairs agent.","Russian, Vietnamese, English, Ukrainian, French, Hungarian"
My House,2023-03-07,"Horror, Mystery, Thriller","Carla lives life locked inside her house with her kind but tyrannical father. When their isolation is interrupted by a mysterious stranger, Carla questions the reasons for her family's withdrawal from the outside world and discovers dark secrets that redefine their existence.",English
Bottoms,2023-08-25,Comedy,Unpopular best friends PJ and Josie start a high school self-defense club to meet girls and lose their virginity. They soon find themselves in over their heads when the most popular students start beating each other up in the name of self-defense.,English
Jaane Jaan,2023-09-21,"Crime, Thriller","When a single mother her teenage daughter becomes ensnared in a deadly crime,  find an unexpected ally in their neighbor, a simple, doting but genius teacher math teacher comes to aid, while a tenacious cop digs into the case.","English, Hindi"
Marvel Studios Assembled: The Making of Secret Invasion,2023-09-20,Documentary,"Through in-depth interviews with cast and crew, and exclusive behind-the-scenes footage, Assembled uncovers how Marvel Studios’ “Secret Invasion” was born. Witness what it took to conjure the world of the show, and spend time with Samuel L. Jackson as he dons the patch once again to engage in the most baffling battle of Nick Fury’s career.",English
The Out-Laws,2023-07-07,"Romance, Action, Comedy","A straight-laced bank manager is about to marry the love of his life. When his bank is held up by infamous Ghost Bandits during his wedding week, he believes his future in-laws who just arrived in town, are the infamous Out-Laws.",English
Cocaine Bear,2023-02-22,"Thriller, Comedy, Crime","Inspired by a true story, an oddball group of cops, criminals, tourists and teens converge in a Georgia forest where a 500-pound black bear goes on a murderous rampage after unintentionally ingesting cocaine.",English
Aquaman and the Lost Kingdom,2023-12-14,"Action, Adventure, Fantasy","Black Manta, still driven by the need to avenge his father's death and wielding the power of the mythic Black Trident, will stop at nothing to take Aquaman down once and for all. To defeat him, Aquaman must turn to his imprisoned brother Orm, the former King of Atlantis, to forge an unlikely alliance in order to save the world from irreversible destruction.",English
Big Sur Gay Porn,2023-06-16,Documentary,Cult filmmaker Tom DeSimone (Reform School Girls; Erotikus: A History of the Gay Movie) revisits the production of a lost gay film and resurrects youthful adventures on the California coast. From the creators of Raw! Uncut! Video!.,English
Winnie the Pooh: Blood and Honey,2023-01-27,"Horror, Thriller","Christopher Robin is headed off to college and he has abandoned his old friends, Pooh and Piglet, which then leads to the duo embracing their inner monsters.","English, Portuguese"
Pillow Party Massacre,2023-02-03,"Horror, Thriller","After a bullying incident leads to tragedy, four former High school friends reconnect at a vacation home where a maniacal killer stalks the night.",English
Plane,2023-01-12,"Action, Adventure, Thriller","After a heroic job of successfully landing his storm-damaged aircraft in a war zone, a fearless pilot finds himself between the agendas of multiple militias planning to take the plane and its passengers hostage.","English, Turkish"
Sitting in Bars with Cake,2023-09-07,"Romance, Comedy, Drama","Extrovert Corinne convinces Jane, a shy, talented baker, to commit to a year of bringing cakes to bars, to help her meet people and build confidence. But when Corinne receives a life-altering diagnosis, the pair faces a challenge unlike anything they've experienced before.",English
Older Gods,2023-03-01,"Horror, Mystery, Thriller","After the disappearance of his troubled friend, American Chris Rivers travels to the remote Welsh countryside to investigate what happened – leading him to a dark apocalyptic cult.",English
Killers of the Flower Moon,2023-10-18,"Crime, Drama, Thriller","When oil is discovered in 1920s Oklahoma under Osage Nation land, the Osage people are murdered one by one—until the FBI steps in to unravel the mystery.",English
"Red, White & Royal Blue",2023-07-27,"Comedy, Romance","After an altercation between Alex, the president's son, and Britain's Prince Henry at a royal event becomes tabloid fodder, their long-running feud now threatens to drive a wedge in U.S./British relations. When the rivals are forced into a staged truce, their icy relationship begins to thaw and the friction between them sparks something deeper than they ever expected.",English
Doraemon: Nobita's Sky Utopia,2023-03-03,"Animation, Adventure, Science Fiction","Doraemon, Nobita and his friends go to find Utopia, a perfect land in the sky where everyone lives with happiness, using an airship having a time warp function.",Japanese
Unwelcome,2023-01-27,Horror,"Londoners Maya and Jamie escape their urban nightmare to the tranquility of rural Ireland only to discover malevolent, murderous goblins lurking in the gnarled, ancient wood at the foot of their new garden. When heavily pregnant Maya’s relationship with a local family turns sour, who – or what – will come to her rescue and to what extremes will she go to protect her unborn child?",English
Lost Sofia,2023-07-13,"Romance, Fantasy","A modern and independent girl, but when it comes to love, the only novels in her life are those from Jane Austen's literary universe. After using a borrowed cell phone, something mysterious happens and she is transported to a different world, which resembles the 19th century. Sofia is taken in by the family of the charming Ian Clarke, while desperately trying to find a way to return to her life. What she didn't know is that her heart had other plans.",Portuguese
Haunted Mansion,2023-07-26,"Fantasy, Comedy",A woman and her son enlist a motley crew of so-called spiritual experts to help rid their home of supernatural squatters.,English
Do Not Disturb,2023-09-29,"Comedy, Drama","A middle-aged man emerges from a pandemic slump with a new job at a quiet hotel, until some eccentric guests turn his first night into a wild adventure.",Turkish
65,2023-03-02,"Science Fiction, Action, Adventure","65 million years ago, the only 2 survivors of a spaceship from Somaris that crash-landed on Earth, must fend off dinosaurs to reach the escape vessel in time before an imminent asteroid strike threatens to destroy the planet.",English
Surviving My Quinceañera,2023-09-21,Comedy,"Quinceañeras, a magical age... except when your family wants to put you in a bulky dress and make you waltz in front of everyone, which is exactly what happens to Danae shortly after she transfers to a very proper private school.  Now Danae has to manage to balance the demands of her family, those of her new friends and organize a cool, but traditional, but modern, but emotional, but aesthetic, but also grandmother-pleasing Quinceañera party... without dying in the process.",Spanish
Crater,2023-05-12,"Science Fiction, Action, Adventure, Family","After the death of his father, a boy growing up on a lunar mining colony takes a trip to explore a legendary crater, along with his four best friends, prior to being permanently relocated to another planet.",English
Sheroes,2023-06-23,"Action, Comedy, Crime, Adventure","When four thick-as-thieves friends arrive in Thailand, they quickly find themselves in over their heads. Fighting to stay alive, they employ their unique set of skills and unleash their fierce loyalty in a heart-pumping battle for survival.",English
Theater Camp,2023-07-13,Comedy,"After the indomitable and beloved founder of a scrappy theater camp in upstate New York falls into a coma, the eccentric staff must band together with her clueless ""crypto-bro"" son to keep the thespian paradise afloat.",English
Mr. Car and the Knights Templar,2023-07-12,"Adventure, Drama, Family","A well-known art historian, treasure hunter and owner of an unusual car stumbles upon a Templar treasure, which is the key to a great power that can upset the balance of good and evil in the world. Supported by friendly scouts, Mr. Car starts a big race against time and a hostile organization, the stake of which is the heritage of knightly orders.",Polish
Los Habitantes,2023-04-27,"Thriller, Horror",,Spanish
The Communion Girl,2023-02-09,Horror,"May, 1987. While returning from a nightclub and after having taken drugs, new girl in town Sara and her friend Rebe find a doll wearing a communion dress. From that moment, their lives will become a living hell.",Spanish
Asteroid City,2023-06-08,"Comedy, Drama","In an American desert town circa 1955, the itinerary of a Junior Stargazer/Space Cadet convention is spectacularly disrupted by world-changing events.",English
Cassandro,2023-09-14,Drama,"The true story of Saúl Armendáriz, a gay amateur wrestler from El Paso that rises to international stardom after he creates the character Cassandro, the “Liberace of Lucha Libre.” In the process, he upends not just the macho wrestling world but also his own life.","English, Spanish"
Accused,2023-10-05,"Drama, Thriller","After a revenge obsessed society incorrectly selects its next target, a young man must survive the night as the online witch-hunt arrives at his front door.",English
The Wandering Earth II,2023-01-22,"Science Fiction, Action, Drama","Humans built huge engines on the surface of the earth to find a new home. But the road to the universe is perilous. In order to save earth, young people once again have to step forward to start a race against time for life and death.","Russian, French, Mandarin, Japanese, English"
The Devil Conspiracy,2023-01-13,"Horror, Fantasy, Science Fiction, Thriller","A powerful biotech company has breakthrough technology allowing them to clone history’s most influential people with just a few fragments of DNA. Behind this company is a cabal of Satanists that steals the shroud of Christ, putting them in possession of Jesus’ DNA. The clone will serve as the ultimate offering to the devil. The Archangel Michael comes to earth and will stop at nothing to end the devil’s conspiracy.","Italian, English"
Heist 88,2023-09-29,"Crime, Drama",A criminal mastermind recruits a group of young bank employees to steal 80 million dollars in one of the largest bank heist in US history.,English
The Secret Kingdom,2023-04-27,"Family, Fantasy, Adventure","Verity and Peter’s trip to the old family mansion takes a turn when the floor of their room suddenly gives way and they fall into an underground chamber where they are met by a civilization of creatures. The leader tells them that Peter's arrival was foretold as he’s the one who can use Great Clock of the Citadel to restart time and destroy the Shroud, a malevolent creature who feeds on fear itself...",English
Victoria's Secret: The Tour '23,2023-09-25,Documentary,"Follows 20 outstanding artists as they strive to make the iconic VS platform their own. The entire world is their stage, blending documentary with fashion fantasy.",English
The Last Kingdom: Seven Kings Must Die,2023-04-14,"Action, Adventure, War","In the wake of King Edward's death, Uhtred of Bebbanburg and his comrades adventure across a fractured kingdom in the hopes of uniting England at last.",English
Little Bone Lodge,2023-03-11,"Horror, Crime, Thriller","During a stormy night in the Scottish Highlands, two criminal brothers on the run seek refuge in a desolate farmhouse. But after taking the resident family captive, they find the house holds even darker secrets of its own.",English
What the Waters Left Behind: Scars,2023-04-27,Horror,"An Anglo-American indie rock band winds up stranded in Epecuén, where their internal conflicts and the bad luck of their tour quickly lose importance before the hell that awaits them.","Spanish, English"
You Are So Not Invited to My Bat Mitzvah,2023-08-18,Comedy,Stacy and Lydia are BFFs who've always dreamed about having epic bat mitzvahs. But things start to go comically awry when a popular boy and middle school drama threatens their friendship and their rite of passage.,English
Island of the Dolls,2023-01-13,Horror,A group of people go to the legendary Island of the Dolls to learn the deadly truth.,English
Poison,2023-09-30,Comedy,"When a poisonous snake slithers onto an Englishman's stomach in India, his associate and a doctor race to save him.",English
Between Us,2023-07-12,Drama,"Elodie and Laetitia live in close love and dream of having a child. As Elodie discovers that she cannot get pregnant because of a health problem and encounters financial troubles, they decide to take a roommate.",French
The Strange Case of a Claustrophobic Ghost,2023-07-21,"Fantasy, Family, Horror",Follows a teenager who claims that there is an entity in his closet.,Spanish
Trapped in the Cabin,2023-08-13,"Thriller, Horror","Rebecca Collins, a writer seeking inspiration, is sent to a remote cabin by her editor. There, she falls for the charming handyman, but his sudden disappearance and an unsettling sense of being watched cast a shadow on her trip.",English
The Venture Bros.: Radiant Is the Blood of the Baboon Heart,2023-07-21,"Animation, Action, Adventure, Science Fiction, TV Movie","A nationwide manhunt for Hank Venture leads to untold dangers and unexpected revelations, while The Monarch is literally out for Dr Venture's blood. An imposing evil from the past reemerges to wreak havoc on the Ventures, The Guild, and even the Monarch marriage—it will take friends and foes alike to restore the Ventures' world to order… or end it once and for all.",English
Skinamarink,2023-01-13,"Horror, Mystery","Two children wake up in the middle of the night to find their father is missing, and all the windows and doors in their home have vanished.",English
Divine Intervention,2023-08-04,Comedy,"Checo and Chuma decide to use their criminal skills to do good and help people. Along the way, they learn that friendship and love are more than just clichés.",Spanish
To Catch a Killer,2023-04-06,"Crime, Thriller, Mystery",Baltimore. New Year's Eve. A talented but troubled police officer is recruited by the FBI's chief investigator to help profile and track down a mass murderer.,English
The Mother,2023-05-04,"Action, Thriller","A deadly female assassin comes out of hiding to protect the daughter that she gave up years before, while on the run from dangerous men.","English, Ukrainian"
Expiration Date,2023-07-06,"Comedy, Romance","María and Javi are two lifelong friends. Even though they have drifted apart over the course of the last year, when María suffers an accident that leaves her at the verge of dying, they reunite and discover that they have always been in love. Now Javi has to decide whether he continues with his new life with an Uruguayan girlfriend, or give a chance to a childhood love that could die out any second.",Spanish
LEGO Disney Princess: The Castle Quest,2023-08-18,Animation,"Tiana, Moana, Snow White, Rapunzel, and Ariel are off on an adventure as they are each unexpectedly transported to a mysterious castle. Shortly after arriving, they soon discover that Gaston has hatched an evil plan to take over all their kingdoms! The Princess characters must work together to solve challenges hidden deep within the castle walls and try to save their kingdoms from Gaston. Will bravery, quick-thinking, and teamwork prevail?",English
Ambush,2023-02-24,"War, Action, Thriller","When a small outpost is ambushed, a US Army squad must take the battle below ground on a high-stakes mission in a new type of warfare the likes of which they have never seen.",English
Under The Light,2023-09-28,"Drama, Action, Crime","The story revolves around Su Jian Ming and Li Hui Lin jointly investigating an undercurrent criminal case involving a huge interest group. In order to investigate the case, Su Jian Ming ignores the persuasion of his powerful father Zheng Gang, and rushes to the ""Hongmen Banquet"", hosted by rich businessman Li Zhi Tian. More and more clues gradually surface. The undercurrent surging behind these clues makes people faintly feel that a big game of chess is being planned.",Mandarin
Mummies,2023-01-05,"Animation, Comedy, Family, Adventure, Fantasy","Through a series of unfortunate events, three mummies end up in present-day London and embark on a wacky and hilarious journey in search of an old ring belonging to the Royal Family, stolen by ambitious archaeologist Lord Carnaby.",Spanish
Ehrengard: The Art of Seduction,2023-09-14,"Romance, Comedy, Drama","When a self-appointed expert on love tries to teach a timid prince the art of seduction, the plan backfires, leading to scandal — and unexpected romance.",Danish
Head to Head,2023-08-03,"Comedy, Thriller, Action","Hilarity meets danger when a lovesick chauffeur and a bootleg mechanic mistakenly pick up a retired crime lord, igniting a wild, life-changing adventure.",Arabic
Through My Window: Across the Sea,2023-06-23,"Romance, Drama, Comedy","After a year of long-distance, Raquel and Ares reunite on a steamy beach trip. Faced with fresh flirtations and insecurities, will their love prevail?",Spanish
Happy Ending,2023-09-01,"Romance, Comedy",A young woman quietly unsatisfied in the bedroom by her boyfriend puts their relationship to the test when she proposes to open up their sex life to a third person.,Dutch
The Dive,2023-08-24,Thriller,"Two sisters go diving at a beautiful, remote location. One of the sisters is struck by a rock, leaving her trapped 28 meters below. With dangerously low levels of oxygen and cold temperatures, it is up to her sister to fight for her life.",English
Murder Mystery 2,2023-03-28,"Comedy, Crime","After starting their own detective agency, Nick and Audrey Spitz land a career-making case when their billionaire pal is kidnapped from his wedding.",English
57 Seconds,2023-09-29,"Thriller, Science Fiction","When a tech blogger lands an interview with a tech guru and stops an attack on him, he finds a mysterious ring that takes him back 57 seconds into the past.",English
Knock at the Cabin,2023-02-01,"Thriller, Mystery, Horror","While vacationing at a remote cabin, a young girl and her two fathers are taken hostage by four armed strangers who demand that the family make an unthinkable choice to avert the apocalypse. With limited access to the outside world, the family must decide what they believe before all is lost.",English
Big George Foreman,2023-04-27,"Drama, History","Fueled by an impoverished childhood, George Foreman channeled his anger into becoming an Olympic Gold medalist and World Heavyweight Champion, followed by a near-death experience that took him from the boxing ring to the pulpit. But when he sees his community struggling spiritually and financially, Foreman returns to the ring and makes history by reclaiming his title, becoming the oldest and most improbable World Heavyweight Boxing Champion ever.",English
The Re-Education of Molly Singer,2023-09-29,Comedy,"In college, attorney Molly Singer was the life of every party. Now, she's about to be fired because she can't leave her partying ways behind. Molly's boss, Brenda, tells Molly there's one way to save her job: re-enroll at her old alma mater, befriend Brenda's socially awkward son, Elliot, and take him from zero to campus hero.",English
Nimona,2023-06-23,"Animation, Fantasy, Adventure, Comedy, Family","A knight framed for a tragic crime teams with a scrappy, shape-shifting teen to prove his innocence.",English
Nightmare Radio: The Night Stalker,2023-04-18,Horror,"A late-night radio DJ with a program where people call to tell her real horror stories, soon will find out how far an obsessed fan is willing to go.",English
Welcome al Norte,2023-09-14,Comedy,"Polito is the manager of a courier and parcel branch in Yucatán, who seeks to fulfill his dream of receiving a promotion and having a place in Cancun to move in with his wife Teo and son. Pressured by his wife, he will be willing to do anything to get it and he plans a strategy where he will achieve his transfer but a little further north: Tijuana.",
Joy Ride,2023-06-22,Comedy,"When Audrey's business trip to Asia goes sideways, she enlists the aid of Lolo, her irreverent, childhood best friend who also happens to be a hot mess; Kat, her college friend turned Chinese soap star; and Deadeye, Lolo's eccentric cousin. Their no-holds-barred, epic experience becomes a journey of bonding, friendship, belonging, and wild debauchery that reveals the universal truth of what it means to know and love who you are.","English, Mandarin, Korean"
Run Rabbit Run,2023-01-19,"Horror, Thriller","Sarah is a fertility doctor with a firm understanding of the cycle of life. When she is forced to make sense of the increasingly strange behavior of her young daughter Mia, she must challenge her own beliefs and confront a ghost from her past.",English
Demon Slayer: Kimetsu no Yaiba -To the Swordsmith Village-,2023-02-03,"Action, Animation, Fantasy","After his family is viciously murdered, a kind-hearted boy named Tanjiro Kamado resolves to become a Demon Slayer in hopes of turning his younger sister Nezuko back into a human.  Together with his comrades, Zenitsu and Inosuke, along with one of the top-ranking members of the Demon Slayer Corps, Tengen Uzui, Tanjiro embarks on a mission within the Entertainment District, where they encounter the formidable, high-ranking demons, Daki and Gyutaro.",Japanese
Tayuan,2023-06-23,Drama,"Ella, an events project manager, usually takes a private transportation service. However, she is forced to take a bus, where bus conductor Rico becomes aroused when her body gets pressed into him due to the thick crowd.  This encounter deeply affects Ella, and from that night on, she starts pursuing Rico. Even after discovering that Rico is already married with a daughter, Ella doesn’t care at all and she’ll do anything to make him want her just as much.",Tagalog
Renfield,2023-04-07,"Comedy, Horror, Fantasy","Having grown sick and tired of his centuries as Dracula's lackey, Renfield finds a new lease on life — and maybe even redemption — when he falls for feisty, perennially angry traffic cop Rebecca Quincy.","English, Thai"
Ip Man: The Awakening,2023-05-05,"Action, Adventure, History, Drama","When a young Master Ip stops a kidnapping, he ignites a turf war with a ruthless human-trafficking ring. In retaliation, the gang kidnaps one of Ip Man's close friends, forcing him to face the group's brutal boxing champion head-on.",Mandarin
The Tank,2023-04-21,"Horror, Thriller","In 1978 Oregon, Ben and Jules inherit an abandoned coastal property from Ben's late mother, who's never mentioned it. The untouched house has been kept a secret for 40 years and comes with a beautiful private cove and beach. Jules searches for answers while Ben unwittingly awakens a fiercely protective creature.",English
Love in Taipei,2023-08-10,"Romance, Comedy, Drama",A young American woman is sent by her parents to a cultural immersion program in Taipei where she begins a new journey of self-discovery and romance.,English
Fate/strange Fake -Whispers of Dawn-,2023-07-01,"Animation, Action, Fantasy, Drama","In a Holy Grail War, Mages (Masters) and their Heroic Spirits (Servants) fight for the control of the Holy Grail—an omnipotent wish-granting device said to fulfill any desire. Years have passed since the end of the Fifth Holy Grail War in Japan. Now, signs portend the emergence of a new Holy Grail in the western American city of Snowfield. Sure enough, Masters and Servants begin to gather... A missing Servant class... Impossible Servant summonings... A nation shrouded in secrecy... And a city created as a battleground. In the face of such irregularities, the Holy Grail War is twisted and driven into the depth of madness. Let the curtain rise on a masquerade of humans and heroes, made to dance upon the stage of a false Holy Grail.",Japanese
Jules,2023-08-10,"Science Fiction, Comedy, Drama","A flying saucer lands in the backyard of an elderly suburbanite with memory problems, who forms a bond with the scared alien inside.",English
The Rope Curse 3,2023-08-25,Horror,,Mandarin
Flora and Son,2023-09-21,"Music, Comedy, Drama","Single mum Flora is at a loss about what to do with her rebellious teenage son, Max. Her efforts to keep him out of trouble lead to a beat-up acoustic guitar, a washed-up LA musician, and harmony for this frayed Dublin family.",English
Metalocalypse: Army of the Doomstar,2023-08-22,"Animation, Comedy, Music","After the heroic rescue of Toki Wartooth, DETHKLOK frontman Nathan Explosion finds himself traumatized in a BRUTAL professional and romantic flat-spin all while he is tasked with fulfilling the prophecy and confronting the ultimate songwriting challenge: write the SONG OF SALVATION and save the planet. Can Nathan Explosion look beyond his brutally damaged ego to save his band, stop the Metalocalypse, and finally face the ultimate evil: Salacia?",English
¡Vaya vacaciones!,2023-04-21,Comedy,,Spanish
Snoopy Presents: One-of-a-Kind Marcie,2023-08-17,"Animation, Family","Quiet, kindhearted introvert Marcie has lots of brilliant ideas to help her friends achieve goals and solve problems. But when the world takes notice and the spotlight lands on her, sharing those ideas becomes a challenge.",English
To End All War: Oppenheimer & the Atomic Bomb,2023-07-09,"Documentary, History","Explore how one man's relentless drive and invention of the atomic bomb changed the nature of war forever, led to the deaths of hundreds of thousands of people and unleashed mass hysteria.",English
One Day as a Lion,2023-04-04,"Action, Thriller, Crime","Jackie Powers will stop at nothing to prevent his son from following him into a life of crime. With his mob employer in pursuit, a chance encounter at a roadside diner charts a new path.",English
"Miraculous World: Paris, Tales of Shadybug and Claw Noir",2023-10-21,"Animation, Adventure, Action","Miraculous holders from another world appear in Paris. They come from a parallel universe where everything is reversed: the holders of Ladybug and Black Cat Miraculouses, Shadybug and Claw Noir, are the bad guys, and the holder of the Butterfly Miraculous, Hesperia, is a superhero. Ladybug and Cat Noir will have to help Hesperia counter the attacks of their evil doubles and prevent them from seizing the Butterfly's Miraculous. Can our heroes also help Hesperia make Shadybug and Claw Noir better people?",French
The Marvels,2023-11-08,"Action, Adventure, Science Fiction","Carol Danvers, aka Captain Marvel, has reclaimed her identity from the tyrannical Kree and taken revenge on the Supreme Intelligence. But unintended consequences see Carol shouldering the burden of a destabilized universe. When her duties send her to an anomalous wormhole linked to a Kree revolutionary, her powers become entangled with that of Jersey City super-fan Kamala Khan, aka Ms. Marvel, and Carol’s estranged niece, now S.A.B.E.R. astronaut Captain Monica Rambeau. Together, this unlikely trio must team up and learn to work in concert to save the universe.",English
Zoey 102,2023-07-27,"Romance, Comedy",Pacific Coast Academy alumni return to Malibu for an over-the-top wedding that turns into a high school reunion for the books.,English
Perfect Addiction,2023-02-16,"Drama, Romance",A female boxing trainer discovers that her champion cage-fighter boyfriend has been cheating on her with her sister and decides to seek revenge by training up his arch-rival to challenge him.,English
Father & Soldier,2023-01-04,"Drama, History, War","1917. Bakary Diallo enlists in the French army to join his 17-year-old son, Thierno, who has been forcibly recruited. Sent to the front, they will have to face the war together. While Thierno learns to become a man, Bakary will do everything to bring him back safely.","French, Fulah"
Aged,2023-06-15,Horror,"After taking a temporary job as a caregiver, a young woman realizes her employer and the house have a dangerous, dark past.",English
Ride On,2023-04-07,"Action, Comedy, Adventure, Drama",A washed-up stuntman and his stunt horse become an overnight social media sensation when their real-life fight with debt collectors goes viral.,Mandarin
Flamin' Hot,2023-03-11,"Comedy, Drama","The inspiring true story of Richard Montañez, the Frito Lay janitor who channeled his Mexican American heritage and upbringing to turn the iconic Flamin’ Hot Cheetos into a snack that disrupted the food industry and became a global pop culture phenomenon.","English, Spanish"
Rise of the Footsoldier: Vengeance,2023-09-15,"Action, Crime, Drama","Pat Tate embarks on a rampage to avenge his loyal and trusted footsoldier's violent death, venturing beyond his comfort zone of Essex into the dark side of 90s Soho to track down the villain responsible. Set to execute his revenge, Tate will stop at nothing even as the world around him starts to explode.",English
JUNG_E,2023-01-12,Science Fiction,"On an uninhabitable 22nd-century Earth, the outcome of a civil war hinges on cloning the brain of an elite soldier to create a robot mercenary.",Korean
The Best Man,2023-04-21,"Action, Thriller","Mercenaries seize control of a remote resort hotel during a wedding and it's up to the best man, the groom and their drunken best friend to stop the terrorists and save the hostages.",English
Cats in the Museum,2023-03-23,"Animation, Comedy",A cartoon about the famous four-legged inhabitants of the St. Petersburg Winter Palace - museum cats that protect the territory of the State Hermitage from rats and mice.,Russian
Deep Sea,2023-01-22,"Animation, Adventure, Fantasy, Science Fiction","Shenxiu has felt a deep sadness since her mother left. A storm plunges her into a dreamlike, 3D world of swirling colour. Led by the Hyjinx, and joined by inventive underwater chef Nanhe, she embarks on a quest to find solace in the Eye of the Deep Sea.",Mandarin
Quicksand,2023-08-31,"Thriller, Horror",A married couple on the brink of divorce becomes trapped in quicksand while hiking through a Colombian rainforest. It’s a struggle for survival as they battle the elements of the jungle and must work together in order to escape.,"Portuguese, English"
The Blackening,2023-06-15,"Horror, Comedy","Seven black friends go away for the weekend, only to find themselves trapped in a cabin with a killer who has a vendetta. They must pit their street smarts and knowledge of horror movies against the murderer to stay alive.",English
Operation Fortune: Ruse de Guerre,2023-01-04,"Action, Thriller, Comedy",Special agent Orson Fortune and his team of operatives recruit one of Hollywood's biggest movie stars to help them on an undercover mission when the sale of a deadly new weapons technology threatens to disrupt the world order.,English
Bird Box Barcelona,2023-07-14,"Thriller, Drama, Science Fiction, Horror","After a mysterious force decimates the world’s population, Sebastian must navigate his own survival journey through the desolate streets of Barcelona. As he forms uneasy alliances with other survivors and they try to escape the city, an unexpected and even more sinister threat grows.","English, German, Spanish"
Campeonex,2023-08-18,"Comedy, Drama",,Spanish
The Blind,2023-09-28,Drama,"In the 1960s Deep South, Phil Robertson seeks to conquer the shame of his past, addiction, and complicated family dynamics, ultimately finding redemption in an unlikely place.",English
Golda,2023-03-30,"History, Drama, Thriller","Set during the tense 19 days of the Yom Kippur War in 1973, Israeli Prime Minister Golda Meir is faced with the potential of Israel’s complete destruction. She must navigate overwhelming odds, a skeptical cabinet and a complex relationship with US Secretary of State Henry Kissinger, with millions of lives in the balance. Her tough leadership and compassion would ultimately decide the fate of her nation and leave her with a controversial legacy around the world.","English, Hebrew"
Beautiful Disaster,2023-04-04,"Romance, Drama, Comedy","Bad-boy Travis is exactly what college freshman Abby needs and wants to avoid. He spends his nights fighting in underground boxing matches, and his days as the ultimate college campus charmer. But Abby wants nothing to do with Travis. Intrigued by Abby’s resistance, Travis offers her a simple bet: if he loses his next fight, he must remain sex-free for a month. If he wins, Abby must live in his apartment for the same amount of time. Either way, Travis has no idea that Abby’s dark past is about to emerge, and he may have finally met his match.",English
AKA,2023-04-28,"Thriller, Action, Crime",A steely special ops agent finds his morality put to the test when he infiltrates a crime syndicate and unexpectedly bonds with the boss' young son.,French
Mother's Day,2023-05-24,"Action, Thriller, Drama","Nina, a former NATO special operations agent living in hiding, has to use all her deadly skills to rescue her son who has been kidnapped by ruthless gangsters. Finding Max is a double opportunity for her. A chance to feel the adrenaline rush again, and an opportunity to get back into the life of the son she had to abandon years ago.","English, Polish, Russian"
The List,2023-08-12,"Romance, Comedy","After her fiance sleeps with a celebrity on his free pass list, Abby Meyers, with nothing but five names and a fantasy shared by millions, sets out for Los Angeles to sleep with someone from hers.",English
Antikalpa,2023-06-21,Horror,"Ah Dai comes from a family that runs a prestigious orthodox temple. His childhood sweetheart, Yufan, is desperate to locate her missing aunt. In his attempt to help, Ah Dai agrees to participate in a special ritual that his schoolmates believe could help them seek assistance from the gods to grant their desires. However, they are lured into praying to evil forces instead. As his schoolmates die one after another, Ah Dai tries to use his gift to exorcise evil to save his friends. At the very end, he faces a completely demonized Yufan and must fight her to save the neighborhood.",Mandarin
Jawan,2023-09-07,"Action, Adventure, Thriller","An emotional journey of a man who is set to rectify the wrongs in society, in an attempt to get even with his past, driven by a personal vendetta while keeping up to a promise made years ago.",Hindi
Vacation Friends 2,2023-08-25,Comedy,"Newly married couple Marcus and Emily invite their uninhibited besties Ron and Kyla to join them for a vacation when Marcus lands an all-expenses-paid trip to a Caribbean resort. When Kyla’s incarcerated father Reese is released and shows up at the resort unannounced, things get out of control, upending Marcus’ best laid plans and turning the vacation friends’ perfect trip into total chaos.",English
Jericho Ridge,2023-07-14,"Action, Thriller","North Washington county sheriff Tabby finds herself alone in the sheriff’s office one night while her colleagues are out on patrol, but she soon finds out they’ve been set up by a murderous drug cartel while she herself comes under siege at the office, where she must battle desperately to save herself and her son.",English
Los bastardos,2023-03-30,"Action, Thriller, Crime, Drama","An epic about one of the most turbulent times in the recent history of the Buenos Aires suburbs. In this context, a group of idealists emerges who are specifically called: ""The bastards.""",Spanish
Trolls Band Together,2023-10-12,"Animation, Family, Music, Fantasy, Comedy","When Branch’s brother, Floyd, is kidnapped for his musical talents by a pair of nefarious pop-star villains, Branch and Poppy embark on a harrowing and emotional journey to reunite the other brothers and rescue Floyd from a fate even worse than pop-culture obscurity.",English
Teen Wolf: The Movie,2023-01-18,"Action, Fantasy, TV Movie","The wolves are howling once again, as a terrifying ancient evil emerges in Beacon Hills. Scott McCall, no longer a teenager yet still an Alpha, must gather new allies and reunite trusted friends to fight back against this powerful and deadly enemy.",English
Huesera: The Bone Woman,2023-02-10,"Drama, Horror, Mystery","Valeria's joy at becoming a first-time mother is quickly taken away when she's cursed by a sinister entity. As danger closes in, she's forced deeper into a chilling world of dark magic that threatens to consume her.",Spanish
Nefarious,2023-04-14,"Horror, Thriller","On the day of his scheduled execution, a convicted serial killer gets a psychiatric evaluation during which he claims he is a demon, and further claims that before their time is over, the psychiatrist will commit three murders of his own.",English
Supercell,2023-03-17,Action,"Good-hearted teenager William always lived in hope of following in his late father’s footsteps and becoming a storm chaser. His father’s legacy has now been turned into a storm-chasing tourist business, managed by the greedy and reckless Zane Rogers, who is now using William as the main attraction to lead a group of unsuspecting adventurers deep into the eye of the most dangerous supercell ever seen.",English
My Otaku Girlfriend,2023-09-28,Drama,"""Get ready for an unforgettable experience where love and the anime world intertwine in ""My Otaku Girlfriend""! An anonymous mangaka is discovered by a beautiful otaku influencer, and he must choose between finishing his manga with her or leaving everything behind for graduate studies abroad.""",Spanish
The Mummy Resurrection,2023-01-02,Horror,"When an infamous ""cursed"" Egyptian sarcophagus falls into the hands of unscrupulous huckster Everett Randolph, he becomes obsessed with resurrecting the mummified princess held within it.",English
